"id","from_device","voltage","current","power","energy","cost","timestamp"
"1","1","226","0.06","9","0.28","1.26","2025-08-02 06:19:01"
"2","1","226","0.06","9","0.28","1.26","2025-08-02 06:20:05"
"3","1","226","0.06","9","0.28","1.26","2025-08-02 06:21:03"
"4","1","226","0.06","9","0.28","1.26","2025-08-02 06:21:33"
"5","1","223","0.07","10","0.47","2.12","2025-08-02 18:35:15"
"6","1","223","0.06","10","0.47","2.12","2025-08-02 18:35:45"
"7","1","223","0.07","10","0.47","2.12","2025-08-02 18:36:15"
"8","1","223","0.06","9","0.47","2.12","2025-08-02 18:36:45"
"9","1","223","0.07","10","0.47","2.12","2025-08-02 18:37:45"
"10","1","223","0.07","10","0.47","2.12","2025-08-02 18:38:15"
"11","1","222","0.06","9","0.47","2.12","2025-08-02 18:38:45"
"12","1","222","0.07","10","0.47","2.12","2025-08-02 18:39:15"
"13","1","223","0.06","10","0.47","2.12","2025-08-02 18:39:45"
"14","1","222","0.06","10","0.47","2.12","2025-08-02 18:40:15"
"15","1","222","0.07","10","0.47","2.12","2025-08-02 18:40:45"
"16","1","222","0.06","9","0.47","2.12","2025-08-02 18:41:15"
"17","1","222","0.06","9","0.47","2.12","2025-08-02 18:42:15"
"18","1","222","0.06","9","0.47","2.12","2025-08-02 18:42:45"
"19","1","223","0.06","10","0.47","2.12","2025-08-02 18:43:15"
"20","1","223","0.07","10","0.47","2.12","2025-08-02 18:43:45"
"21","1","223","0.07","10","0.47","2.12","2025-08-02 18:44:15"
"22","1","223","0.07","10","0.47","2.12","2025-08-02 18:44:45"
"23","1","223","0.06","10","0.47","2.12","2025-08-02 18:45:15"
"24","1","223","0.07","10","0.47","2.12","2025-08-02 18:45:45"
"25","1","223","0.07","10","0.47","2.12","2025-08-02 18:46:15"
"26","1","223","0.06","10","0.47","2.12","2025-08-02 18:47:15"
"27","1","223","0.06","9","0.47","2.12","2025-08-02 18:47:45"
"28","1","223","0.07","10","0.47","2.12","2025-08-02 18:48:15"
"29","1","223","0.06","10","0.47","2.12","2025-08-02 18:48:45"
"30","1","223","0.07","10","0.47","2.12","2025-08-02 18:49:15"
"31","1","223","0.06","10","0.47","2.12","2025-08-02 18:49:45"
"32","1","223","0.06","10","0.47","2.12","2025-08-02 18:50:15"
"33","1","223","0.06","9","0.47","2.12","2025-08-02 18:50:45"
"34","1","223","0.06","10","0.47","2.12","2025-08-02 18:51:15"
"35","1","222","0.06","10","0.47","2.12","2025-08-02 18:52:15"
"36","1","223","0.07","10","0.47","2.12","2025-08-02 18:52:45"
"37","1","223","0.06","10","0.47","2.12","2025-08-02 18:53:15"
"38","1","223","0.06","10","0.47","2.12","2025-08-02 18:53:45"
"39","1","223","0.06","9","0.47","2.13","2025-08-02 18:54:15"
"40","1","223","0.06","10","0.47","2.13","2025-08-02 18:54:45"
"41","1","223","0.06","10","0.47","2.13","2025-08-02 18:55:15"
"42","1","223","0.06","9","0.47","2.13","2025-08-02 18:55:45"
"43","1","223","0.06","9","0.47","2.13","2025-08-02 18:56:45"
"44","1","223","0.06","9","0.47","2.13","2025-08-02 18:57:15"
"45","1","223","0.06","9","0.47","2.13","2025-08-02 18:57:45"
"46","1","223","0.06","10","0.47","2.13","2025-08-02 18:58:15"
"47","1","223","0.06","10","0.47","2.13","2025-08-02 18:58:45"
"48","1","223","0.06","9","0.47","2.13","2025-08-02 18:59:15"
"49","1","223","0.06","10","0.47","2.13","2025-08-02 18:59:45"
"50","1","223","0.06","9","0.47","2.13","2025-08-02 19:00:15"
"51","1","223","0.06","10","0.47","2.13","2025-08-02 19:00:45"
"52","1","225","0.06","10","0.47","2.13","2025-08-02 19:01:45"
"53","1","223","0.06","10","0.47","2.13","2025-08-02 19:02:15"
"54","1","223","0.06","10","0.47","2.13","2025-08-02 19:02:45"
"55","1","223","0.06","10","0.47","2.13","2025-08-02 19:03:15"
"56","1","223","0.07","10","0.47","2.13","2025-08-02 19:03:45"
"57","1","223","0.06","9","0.47","2.13","2025-08-02 19:04:15"
"58","1","223","0.06","10","0.47","2.13","2025-08-02 19:04:45"
"59","1","223","0.06","10","0.47","2.13","2025-08-02 19:05:45"
"60","1","223","0.06","10","0.47","2.14","2025-08-02 19:06:45"
"61","1","223","0.06","10","0.47","2.14","2025-08-02 19:07:15"
"62","1","223","0.06","9","0.47","2.14","2025-08-02 19:07:45"
"63","1","223","0.06","10","0.47","2.14","2025-08-02 19:08:15"
"64","1","223","0.06","10","0.47","2.14","2025-08-02 19:08:45"
"65","1","223","0.06","9","0.47","2.14","2025-08-02 19:09:15"
"66","1","222","0.06","9","0.47","2.14","2025-08-02 19:09:45"
"67","1","222","0.06","9","0.47","2.14","2025-08-02 19:10:15"
"68","1","223","0.06","10","0.47","2.14","2025-08-02 19:11:15"
"69","1","223","0.06","10","0.47","2.14","2025-08-02 19:11:45"
"70","1","223","0.06","9","0.47","2.14","2025-08-02 19:12:15"
"71","1","223","0.06","10","0.47","2.14","2025-08-02 19:13:15"
"72","1","222","0.07","10","0.48","2.14","2025-08-02 19:13:45"
"73","1","222","0.06","10","0.48","2.14","2025-08-02 19:14:45"
"74","1","222","0.06","9","0.48","2.14","2025-08-02 19:16:15"
"75","1","222","0.06","9","0.48","2.14","2025-08-02 19:16:45"
"76","1","222","0.06","10","0.48","2.14","2025-08-02 19:17:15"
"77","1","222","0.06","9","0.48","2.14","2025-08-02 19:17:45"
"78","1","222","0.06","10","0.48","2.14","2025-08-02 19:18:15"
"79","1","222","0.06","10","0.48","2.14","2025-08-02 19:18:45"
"80","1","222","0.06","10","0.48","2.15","2025-08-02 19:19:15"
"81","1","222","0.07","10","0.48","2.15","2025-08-02 19:19:45"
"82","1","222","0.06","9","0.48","2.15","2025-08-02 19:20:15"
"83","1","222","0.06","9","0.48","2.15","2025-08-02 19:21:15"
"84","1","223","0.06","9","0.48","2.15","2025-08-02 19:21:45"
"85","1","223","0.06","9","0.48","2.15","2025-08-02 19:22:15"
"86","1","223","0.06","9","0.48","2.15","2025-08-02 19:22:45"
"87","1","222","0.06","10","0.48","2.15","2025-08-02 19:23:15"
"88","1","223","0.06","9","0.48","2.15","2025-08-02 19:23:46"
"89","1","222","0.06","9","0.48","2.15","2025-08-02 19:24:16"
"90","1","222","0.06","10","0.48","2.15","2025-08-02 19:24:46"
"91","1","222","0.06","10","0.48","2.15","2025-08-02 19:25:16"
"92","1","223","0.06","9","0.48","2.15","2025-08-02 19:26:16"
"93","1","223","0.06","9","0.48","2.15","2025-08-02 19:26:46"
"94","1","223","0.06","9","0.48","2.15","2025-08-02 19:27:16"
"95","1","222","0.06","9","0.48","2.15","2025-08-02 19:27:46"
"96","1","223","0.06","10","0.48","2.15","2025-08-02 19:28:16"
"97","1","222","0.06","9","0.48","2.15","2025-08-02 19:28:46"
"98","1","222","0.06","9","0.48","2.15","2025-08-02 19:29:16"
"99","1","222","0.06","9","0.48","2.15","2025-08-02 19:29:46"
"100","1","222","0.06","10","0.48","2.15","2025-08-02 19:30:16"
"101","1","222","0.06","10","0.48","2.15","2025-08-02 19:31:16"
"102","1","222","0.06","9","0.48","2.16","2025-08-02 19:32:16"
"103","1","222","0.06","9","0.48","2.16","2025-08-02 19:32:46"
"104","1","222","0.06","9","0.48","2.16","2025-08-02 19:33:16"
"105","1","222","0.06","10","0.48","2.16","2025-08-02 19:33:46"
"106","1","222","0.06","10","0.48","2.16","2025-08-02 19:34:16"
"107","1","222","0.06","10","0.48","2.16","2025-08-02 19:35:46"
"108","1","221","0.06","9","0.48","2.16","2025-08-02 19:36:16"
"109","1","222","0.06","9","0.48","2.16","2025-08-02 19:36:46"
"110","1","222","0.06","9","0.48","2.16","2025-08-02 19:37:16"
"111","1","222","0.06","9","0.48","2.16","2025-08-02 19:37:46"
"112","1","222","0.06","10","0.48","2.16","2025-08-02 19:38:16"
"113","1","222","0.06","9","0.48","2.16","2025-08-02 19:38:46"
"114","1","222","0.06","10","0.48","2.16","2025-08-02 19:40:46"
"115","1","222","0.06","10","0.48","2.16","2025-08-02 19:41:16"
"116","1","222","0.06","10","0.48","2.16","2025-08-02 19:41:46"
"117","1","222","0.06","9","0.48","2.16","2025-08-02 19:42:16"
"118","1","222","0.06","9","0.48","2.16","2025-08-02 19:42:46"
"119","1","222","0.06","9","0.48","2.16","2025-08-02 19:43:16"
"120","1","222","0.06","9","0.48","2.16","2025-08-02 19:43:46"
"121","1","222","0.06","9","0.48","2.16","2025-08-02 19:44:16"
"122","1","222","0.06","9","0.48","2.16","2025-08-02 19:45:16"
"123","1","222","0.06","10","0.48","2.16","2025-08-02 19:45:46"
"124","1","222","0.06","9","0.48","2.16","2025-08-02 19:46:16"
"125","1","222","0.06","9","0.48","2.16","2025-08-02 19:46:46"
"126","1","222","0.06","10","0.48","2.16","2025-08-02 19:47:16"
"127","1","222","0.06","10","0.48","2.16","2025-08-02 19:47:46"
"128","1","222","0.06","9","0.48","2.16","2025-08-02 19:48:16"
"129","1","222","0.06","9","0.48","2.16","2025-08-02 19:49:46"
"130","1","221","0.06","9","0.48","2.16","2025-08-02 19:50:16"
"131","1","221","0.06","9","0.48","2.17","2025-08-02 19:50:46"
"132","1","221","0.06","9","0.48","2.17","2025-08-02 19:51:16"
"133","1","221","0.06","10","0.48","2.17","2025-08-02 19:51:46"
"134","1","221","0.06","9","0.48","2.17","2025-08-02 19:53:16"
"135","1","221","0.06","9","0.48","2.17","2025-08-02 19:53:46"
"136","1","221","0.06","9","0.48","2.17","2025-08-02 19:54:46"
"137","1","221","0.06","9","0.48","2.17","2025-08-02 19:55:16"
"138","1","221","0.06","9","0.48","2.17","2025-08-02 19:55:46"
"139","1","221","0.06","9","0.48","2.17","2025-08-02 19:56:16"
"140","1","221","0.06","9","0.48","2.17","2025-08-02 19:56:46"
"141","1","221","0.06","9","0.48","2.17","2025-08-02 19:57:16"
"142","1","221","0.06","9","0.48","2.17","2025-08-02 19:58:16"
"143","1","221","0.06","10","0.48","2.17","2025-08-02 19:58:46"
"144","1","221","0.06","9","0.48","2.17","2025-08-02 19:59:16"
"145","1","221","0.06","9","0.48","2.17","2025-08-02 19:59:46"
"146","1","221","0.06","9","0.48","2.17","2025-08-02 20:00:46"
"147","1","221","0.06","9","0.48","2.17","2025-08-02 20:01:16"
"148","1","221","0.06","9","0.48","2.17","2025-08-02 20:01:46"
"149","1","221","0.06","9","0.48","2.17","2025-08-02 20:02:16"
"150","1","221","0.06","9","0.48","2.17","2025-08-02 20:02:46"
"151","1","221","0.06","9","0.48","2.17","2025-08-02 20:03:16"
"152","1","221","0.06","9","0.48","2.18","2025-08-02 20:04:16"
"153","1","221","0.06","9","0.48","2.18","2025-08-02 20:04:46"
"154","1","221","0.06","9","0.48","2.18","2025-08-02 20:05:16"
"155","1","221","0.06","10","0.48","2.18","2025-08-02 20:06:16"
"156","1","220","0.06","10","0.48","2.18","2025-08-02 20:06:46"
"157","1","221","0.06","10","0.48","2.18","2025-08-02 20:07:16"
"158","1","221","0.06","9","0.48","2.18","2025-08-02 20:07:46"
"159","1","220","0.06","9","0.48","2.18","2025-08-02 20:08:16"
"160","1","220","0.06","10","0.48","2.18","2025-08-02 20:08:46"
"161","1","221","0.06","9","0.48","2.18","2025-08-02 20:09:16"
"162","1","221","0.06","9","0.48","2.18","2025-08-02 20:09:46"
"163","1","221","0.06","9","0.49","2.18","2025-08-02 20:10:46"
"164","1","220","0.06","9","0.49","2.18","2025-08-02 20:12:16"
"165","1","221","0.06","10","0.49","2.18","2025-08-02 20:13:16"
"166","1","221","0.06","10","0.49","2.18","2025-08-02 20:13:46"
"167","1","220","0.06","9","0.49","2.18","2025-08-02 20:14:46"
"168","1","221","0.06","9","0.49","2.18","2025-08-02 20:15:16"
"169","1","220","0.06","9","0.49","2.18","2025-08-02 20:15:46"
"170","1","223","0.11","15","0.49","2.2","2025-08-02 20:36:16"
"171","1","223","0.1","15","0.49","2.2","2025-08-02 20:36:46"
"172","1","223","0.1","15","0.49","2.21","2025-08-02 20:37:16"
"173","1","223","0.11","15","0.49","2.21","2025-08-02 20:37:46"
"174","1","223","0.1","15","0.49","2.21","2025-08-02 20:38:16"
"175","1","223","0.1","15","0.49","2.21","2025-08-02 20:39:16"
"176","1","223","0.1","15","0.49","2.21","2025-08-02 20:39:46"
"177","1","223","0.1","15","0.49","2.21","2025-08-02 20:40:16"
"178","1","223","0.1","14","0.49","2.21","2025-08-02 20:40:46"
"179","1","223","0.11","15","0.49","2.21","2025-08-02 20:41:46"
"180","1","223","0.11","15","0.49","2.21","2025-08-02 20:42:16"
"181","1","223","0.11","14","0.49","2.21","2025-08-02 20:43:16"
"182","1","223","0.11","15","0.49","2.21","2025-08-02 20:43:46"
"183","1","223","0.1","14","0.49","2.21","2025-08-02 20:44:16"
"184","1","223","0.1","14","0.49","2.21","2025-08-02 20:44:46"
"185","1","223","0.1","14","0.49","2.22","2025-08-02 20:45:46"
"186","1","223","0.1","14","0.49","2.22","2025-08-02 20:47:16"
"187","1","223","0.1","14","0.49","2.22","2025-08-02 20:47:46"
"188","1","223","0.1","14","0.49","2.22","2025-08-02 20:48:16"
"189","1","223","0.1","14","0.49","2.22","2025-08-02 20:48:46"
"190","1","223","0.1","14","0.49","2.22","2025-08-02 20:49:16"
"191","1","223","0.1","14","0.49","2.22","2025-08-02 20:49:46"
"192","1","223","0.1","14","0.49","2.22","2025-08-02 20:50:16"
"193","1","224","0.1","14","0.49","2.22","2025-08-02 20:51:16"
"194","1","223","0.1","14","0.49","2.22","2025-08-02 20:51:46"
"195","1","223","0.1","14","0.49","2.22","2025-08-02 20:52:16"
"196","1","223","0.1","14","0.49","2.22","2025-08-02 20:52:46"
"197","1","223","0.1","14","0.5","2.23","2025-08-02 20:53:16"
"198","1","223","0.1","14","0.5","2.23","2025-08-02 20:53:46"
"199","1","223","0.1","14","0.5","2.23","2025-08-02 20:54:16"
"200","1","223","0.1","14","0.5","2.23","2025-08-02 20:55:46"
"201","1","223","0.1","14","0.5","2.23","2025-08-02 20:56:16"
"202","1","223","0.1","14","0.5","2.23","2025-08-02 20:56:46"
"203","1","223","0.1","14","0.5","2.23","2025-08-02 20:57:16"
"204","1","223","0.1","14","0.5","2.23","2025-08-02 20:57:46"
"205","1","223","0.1","14","0.5","2.23","2025-08-02 20:58:46"
"206","1","223","0.1","14","0.5","2.23","2025-08-02 20:59:46"
"207","1","223","0.1","14","0.5","2.23","2025-08-02 21:00:16"
"208","1","223","0.1","14","0.5","2.23","2025-08-02 21:00:46"
"209","1","223","0.1","14","0.5","2.23","2025-08-02 21:01:16"
"210","1","223","0.1","14","0.5","2.23","2025-08-02 21:01:46"
"211","1","223","0.1","14","0.5","2.23","2025-08-02 21:02:16"
"212","1","223","0.1","14","0.5","2.24","2025-08-02 21:02:46"
"213","1","225","0.09","14","0.5","2.24","2025-08-02 21:04:16"
"214","1","225","0.09","14","0.5","2.24","2025-08-02 21:04:46"
"215","1","225","0.09","14","0.5","2.24","2025-08-02 21:05:16"
"216","1","225","0.1","14","0.5","2.24","2025-08-02 21:05:46"
"217","1","222","0.1","14","0.5","2.24","2025-08-02 21:06:16"
"218","1","223","0.09","13","0.5","2.24","2025-08-02 21:07:16"
"219","1","223","0.1","14","0.5","2.24","2025-08-02 21:08:16"
"220","1","223","0.1","14","0.5","2.24","2025-08-02 21:08:46"
"221","1","223","0.09","13","0.5","2.24","2025-08-02 21:09:16"
"222","1","222","0.09","13","0.5","2.24","2025-08-02 21:09:46"
"223","1","222","0.1","13","0.5","2.24","2025-08-02 21:10:16"
"224","1","223","0.1","13","0.5","2.24","2025-08-02 21:10:46"
"225","1","222","0.09","13","0.5","2.25","2025-08-02 21:11:16"
"226","1","222","0.09","13","0.5","2.25","2025-08-02 21:11:46"
"227","1","222","0.1","14","0.5","2.25","2025-08-02 21:12:46"
"228","1","222","0.1","13","0.5","2.25","2025-08-02 21:13:16"
"229","1","222","0.09","13","0.5","2.25","2025-08-02 21:13:46"
"230","1","222","0.1","13","0.5","2.25","2025-08-02 21:14:16"
"231","1","222","0.09","13","0.5","2.25","2025-08-02 21:14:46"
"232","1","222","0.09","13","0.5","2.25","2025-08-02 21:15:16"
"233","1","222","0.09","13","0.5","2.25","2025-08-02 21:16:16"
"234","1","222","0.09","13","0.5","2.25","2025-08-02 21:17:16"
"235","1","222","0.09","13","0.5","2.25","2025-08-02 21:17:46"
"236","1","222","0.09","13","0.5","2.25","2025-08-02 21:18:46"
"237","1","222","0.09","13","0.5","2.25","2025-08-02 21:19:16"
"238","1","222","0.09","13","0.5","2.25","2025-08-02 21:19:46"
"239","1","222","0.09","13","0.5","2.25","2025-08-02 21:20:46"
"240","1","222","0.09","13","0.5","2.25","2025-08-02 21:22:16"
"241","1","222","0.09","13","0.5","2.25","2025-08-02 21:23:16"
"242","1","222","0.09","13","0.5","2.26","2025-08-02 21:25:16"
"243","1","222","0.09","13","0.5","2.26","2025-08-02 21:25:46"
"244","1","222","0.09","13","0.5","2.26","2025-08-02 21:26:16"
"245","1","222","0.09","13","0.5","2.26","2025-08-02 21:27:16"
"246","1","222","0.09","13","0.5","2.26","2025-08-02 21:28:46"
"247","1","222","0.09","13","0.5","2.26","2025-08-02 21:29:16"
"248","1","222","0.09","13","0.5","2.26","2025-08-02 21:29:46"
"249","1","222","0.09","13","0.5","2.26","2025-08-02 21:30:16"
"250","1","222","0.09","13","0.5","2.26","2025-08-02 21:30:46"
"251","1","222","0.09","13","0.5","2.26","2025-08-02 21:31:16"
"252","1","222","0.09","13","0.5","2.26","2025-08-02 21:31:46"
"253","1","222","0.09","13","0.5","2.26","2025-08-02 21:32:16"
"254","1","222","0.09","13","0.5","2.26","2025-08-02 21:32:46"
"255","1","222","0.09","13","0.5","2.26","2025-08-02 21:33:46"
"256","1","222","0.09","13","0.5","2.27","2025-08-02 21:34:16"
"257","1","222","0.09","13","0.5","2.27","2025-08-02 21:35:16"
"258","1","222","0.09","13","0.5","2.27","2025-08-02 21:35:47"
"259","1","222","0.09","13","0.5","2.27","2025-08-02 21:36:47"
"260","1","222","0.09","13","0.5","2.27","2025-08-02 21:37:17"
"261","1","222","0.09","13","0.5","2.27","2025-08-02 21:38:17"
"262","1","222","0.09","13","0.5","2.27","2025-08-02 21:38:47"
"263","1","222","0.09","13","0.5","2.27","2025-08-02 21:39:17"
"264","1","222","0.09","13","0.5","2.27","2025-08-02 21:39:47"
"265","1","222","0.09","13","0.5","2.27","2025-08-02 21:40:17"
"266","1","222","0.09","13","0.5","2.27","2025-08-02 21:40:47"
"267","1","222","0.09","13","0.5","2.27","2025-08-02 21:41:17"
"268","1","222","0.09","13","0.5","2.27","2025-08-02 21:42:17"
"269","1","222","0.09","13","0.5","2.27","2025-08-02 21:42:47"
"270","1","223","0.09","13","0.51","2.28","2025-08-02 21:43:17"
"271","1","222","0.09","13","0.51","2.28","2025-08-02 21:43:47"
"272","1","222","0.09","13","0.51","2.28","2025-08-02 21:44:17"
"273","1","223","0.09","13","0.51","2.28","2025-08-02 21:44:47"
"274","1","223","0.09","13","0.51","2.28","2025-08-02 21:45:17"
"275","1","223","0.09","13","0.51","2.28","2025-08-02 21:45:47"
"276","1","223","0.09","13","0.51","2.28","2025-08-02 21:46:47"
"277","1","223","0.09","13","0.51","2.28","2025-08-02 21:47:47"
"278","1","222","0.09","13","0.51","2.28","2025-08-02 21:48:47"
"279","1","223","0.09","13","0.51","2.28","2025-08-02 21:49:17"
"280","1","223","0.09","13","0.51","2.28","2025-08-02 21:49:47"
"281","1","223","0.09","13","0.51","2.28","2025-08-02 21:50:47"
"282","1","223","0.09","13","0.51","2.28","2025-08-02 21:51:17"
"283","1","223","0.09","13","0.51","2.28","2025-08-02 21:51:47"
"284","1","223","0.09","13","0.51","2.29","2025-08-02 21:52:17"
"285","1","223","0.09","13","0.51","2.29","2025-08-02 21:52:47"
"286","1","223","0.09","13","0.51","2.29","2025-08-02 21:53:17"
"287","1","223","0.09","13","0.51","2.29","2025-08-02 21:53:47"
"288","1","223","0.09","13","0.51","2.29","2025-08-02 21:54:17"
"289","1","223","0.09","13","0.51","2.29","2025-08-02 21:55:17"
"290","1","223","0.09","13","0.51","2.29","2025-08-02 21:55:47"
"291","1","223","0.09","13","0.51","2.29","2025-08-02 21:56:17"
"292","1","223","0.09","13","0.51","2.29","2025-08-02 21:56:47"
"293","1","223","0.09","13","0.51","2.29","2025-08-02 21:57:47"
"294","1","223","0.09","13","0.51","2.29","2025-08-02 21:58:17"
"295","1","223","0.09","13","0.51","2.29","2025-08-02 21:59:47"
"296","1","223","0.09","13","0.51","2.29","2025-08-02 22:00:47"
"297","1","222","0.09","13","0.51","2.29","2025-08-02 22:01:17"
"298","1","223","0.09","13","0.51","2.29","2025-08-02 22:01:47"
"299","1","223","0.09","13","0.51","2.3","2025-08-02 22:02:17"
"300","1","222","0.09","13","0.51","2.3","2025-08-02 22:03:17"
"301","1","222","0.09","13","0.51","2.3","2025-08-02 22:03:47"
"302","1","222","0.09","13","0.51","2.3","2025-08-02 22:04:47"
"303","1","222","0.09","13","0.51","2.3","2025-08-02 22:05:17"
"304","1","222","0.09","13","0.51","2.3","2025-08-02 22:05:47"
"305","1","222","0.09","13","0.51","2.3","2025-08-02 22:06:17"
"306","1","222","0.09","13","0.51","2.3","2025-08-02 22:06:47"
"307","1","222","0.09","13","0.51","2.3","2025-08-02 22:07:17"
"308","1","222","0.09","12","0.51","2.3","2025-08-02 22:07:47"
"309","1","222","0.09","13","0.51","2.3","2025-08-02 22:08:17"
"310","1","223","0.09","12","0.51","2.3","2025-08-02 22:09:17"
"311","1","222","0.09","13","0.51","2.3","2025-08-02 22:09:47"
"312","1","222","0.09","12","0.51","2.3","2025-08-02 22:10:17"
"313","1","222","0.09","12","0.51","2.3","2025-08-02 22:10:47"
"314","1","222","0.09","12","0.51","2.3","2025-08-02 22:11:47"
"315","1","222","0.09","12","0.51","2.3","2025-08-02 22:12:17"
"316","1","222","0.09","12","0.51","2.3","2025-08-02 22:12:47"
"317","1","222","0.09","12","0.51","2.3","2025-08-02 22:13:47"
"318","1","222","0.09","13","0.51","2.3","2025-08-02 22:14:17"
"319","1","222","0.09","13","0.51","2.3","2025-08-02 22:14:47"
"320","1","222","0.09","13","0.51","2.3","2025-08-02 22:15:17"
"321","1","222","0.09","12","0.51","2.3","2025-08-02 22:15:47"
"322","1","222","0.09","12","0.51","2.3","2025-08-02 22:16:17"
"323","1","223","0.09","12","0.51","2.31","2025-08-02 22:16:47"
"324","1","222","0.09","13","0.51","2.31","2025-08-02 22:17:17"
"325","1","222","0.09","13","0.51","2.31","2025-08-02 22:18:17"
"326","1","222","0.09","12","0.51","2.31","2025-08-02 22:18:47"
"327","1","222","0.09","12","0.51","2.31","2025-08-02 22:19:17"
"328","1","222","0.09","12","0.51","2.31","2025-08-02 22:19:47"
"329","1","222","0.09","12","0.51","2.31","2025-08-02 22:20:17"
"330","1","222","0.09","12","0.51","2.31","2025-08-02 22:20:47"
"331","1","222","0.09","12","0.51","2.31","2025-08-02 22:21:17"
"332","1","222","0.09","12","0.51","2.31","2025-08-02 22:21:47"
"333","1","222","0.09","12","0.51","2.31","2025-08-02 22:23:17"
"334","1","222","0.09","12","0.51","2.31","2025-08-02 22:23:47"
"335","1","222","0.09","12","0.51","2.31","2025-08-02 22:24:17"
"336","1","222","0.09","12","0.51","2.31","2025-08-02 22:24:47"
"337","1","222","0.09","12","0.51","2.31","2025-08-02 22:25:17"
"338","1","222","0.09","12","0.51","2.32","2025-08-02 22:27:17"
"339","1","222","0.09","12","0.51","2.32","2025-08-02 22:27:47"
"340","1","222","0.09","12","0.51","2.32","2025-08-02 22:28:47"
"341","1","222","0.09","12","0.51","2.32","2025-08-02 22:29:17"
"342","1","222","0.09","12","0.51","2.32","2025-08-02 22:29:47"
"343","1","222","0.09","12","0.52","2.32","2025-08-02 22:31:17"
"344","1","222","0.09","12","0.52","2.32","2025-08-02 22:31:47"
"345","1","222","0.09","12","0.52","2.32","2025-08-02 22:32:17"
"346","1","222","0.09","12","0.52","2.32","2025-08-02 22:32:47"
"347","1","222","0.09","12","0.52","2.32","2025-08-02 22:33:17"
"348","1","222","0.09","12","0.52","2.32","2025-08-02 22:33:47"
"349","1","222","0.09","12","0.52","2.32","2025-08-02 22:34:17"
"350","1","222","0.09","12","0.52","2.32","2025-08-02 22:34:47"
"351","1","222","0.09","12","0.52","2.32","2025-08-02 22:35:17"
"352","1","222","0.09","12","0.52","2.32","2025-08-02 22:35:47"
"353","1","222","0.09","12","0.52","2.33","2025-08-02 22:36:17"
"354","1","222","0.09","12","0.52","2.33","2025-08-02 22:36:47"
"355","1","222","0.09","12","0.52","2.33","2025-08-02 22:37:17"
"356","1","222","0.08","12","0.52","2.33","2025-08-02 22:37:47"
"357","1","222","0.09","12","0.52","2.33","2025-08-02 22:38:17"
"358","1","222","0.09","12","0.52","2.33","2025-08-02 22:38:47"
"359","1","221","0.09","12","0.52","2.33","2025-08-02 22:39:47"
"360","1","222","0.09","12","0.52","2.33","2025-08-02 22:40:17"
"361","1","222","0.09","12","0.52","2.33","2025-08-02 22:40:47"
"362","1","222","0.08","12","0.52","2.33","2025-08-02 22:41:17"
"363","1","222","0.09","12","0.52","2.33","2025-08-02 22:41:47"
"364","1","222","0.06","10","0.52","2.33","2025-08-02 22:42:17"
"365","1","222","0.07","9","0.52","2.33","2025-08-02 22:42:47"
"366","1","222","0.06","9","0.52","2.33","2025-08-02 22:43:17"
"367","1","222","0.06","10","0.52","2.33","2025-08-02 22:44:17"
"368","1","222","0.06","9","0.52","2.33","2025-08-02 22:44:47"
"369","1","222","0.06","9","0.52","2.33","2025-08-02 22:45:17"
"370","1","222","0.06","10","0.52","2.33","2025-08-02 22:45:47"
"371","1","222","0.06","9","0.52","2.33","2025-08-02 22:46:17"
"372","1","222","0.06","10","0.52","2.34","2025-08-02 22:46:47"
"373","1","222","0.06","10","0.52","2.34","2025-08-02 22:47:17"
"374","1","222","0.06","10","0.52","2.34","2025-08-02 22:47:47"
"375","1","222","0.06","10","0.52","2.34","2025-08-02 22:48:17"
"376","1","222","0.06","9","0.52","2.34","2025-08-02 22:48:47"
"377","1","222","0.06","9","0.52","2.34","2025-08-02 22:49:47"
"378","1","222","0.06","10","0.52","2.34","2025-08-02 22:50:17"
"379","1","222","0.06","9","0.52","2.34","2025-08-02 22:50:47"
"380","1","222","0.06","10","0.52","2.34","2025-08-02 22:51:17"
"381","1","222","0.06","9","0.52","2.34","2025-08-02 22:52:17"
"382","1","222","0.07","9","0.52","2.34","2025-08-02 22:52:47"
"383","1","222","0.06","10","0.52","2.34","2025-08-02 22:53:47"
"384","1","222","0.06","10","0.52","2.34","2025-08-02 22:54:47"
"385","1","222","0.06","9","0.52","2.34","2025-08-02 22:55:17"
"386","1","221","0.07","10","0.52","2.34","2025-08-02 22:56:47"
"387","1","222","0.06","10","0.52","2.34","2025-08-02 22:57:17"
"388","1","222","0.06","9","0.52","2.34","2025-08-02 22:57:47"
"389","1","221","0.06","10","0.52","2.34","2025-08-02 22:58:17"
"390","1","221","0.06","10","0.52","2.34","2025-08-02 22:58:47"
"391","1","221","0.06","10","0.52","2.34","2025-08-02 22:59:17"
"392","1","222","0.07","9","0.52","2.34","2025-08-02 22:59:47"
"393","1","221","0.06","9","0.52","2.34","2025-08-02 23:01:17"
"394","1","221","0.06","9","0.52","2.34","2025-08-02 23:01:47"
"395","1","221","0.06","10","0.52","2.34","2025-08-02 23:02:17"
"396","1","221","0.06","10","0.52","2.34","2025-08-02 23:02:47"
"397","1","221","0.06","9","0.52","2.34","2025-08-02 23:03:17"
"398","1","221","0.06","9","0.52","2.34","2025-08-02 23:03:47"
"399","1","221","0.06","10","0.52","2.34","2025-08-02 23:04:17"
"400","1","221","0.06","10","0.52","2.34","2025-08-02 23:04:47"
"401","1","222","0.06","9","0.52","2.34","2025-08-02 23:05:17"
"402","1","221","0.06","10","0.52","2.34","2025-08-02 23:06:17"
"403","1","222","0.06","9","0.52","2.34","2025-08-02 23:06:47"
"404","1","221","0.06","10","0.52","2.35","2025-08-02 23:07:47"
"405","1","221","0.06","10","0.52","2.35","2025-08-02 23:08:17"
"406","1","221","0.06","10","0.52","2.35","2025-08-02 23:08:47"
"407","1","221","0.06","9","0.52","2.35","2025-08-02 23:09:17"
"408","1","221","0.06","9","0.52","2.35","2025-08-02 23:09:47"
"409","1","221","0.07","9","0.52","2.35","2025-08-02 23:10:17"
"410","1","221","0.06","9","0.52","2.35","2025-08-02 23:11:47"
"411","1","221","0.06","10","0.52","2.35","2025-08-02 23:12:17"
"412","1","221","0.06","9","0.52","2.35","2025-08-02 23:12:47"
"413","1","221","0.07","9","0.52","2.35","2025-08-02 23:13:17"
"414","1","221","0.06","10","0.52","2.35","2025-08-02 23:13:47"
"415","1","221","0.06","10","0.52","2.35","2025-08-02 23:14:17"
"416","1","221","0.06","9","0.52","2.35","2025-08-02 23:14:47"
"417","1","221","0.06","9","0.52","2.35","2025-08-02 23:15:17"
"418","1","221","0.06","10","0.52","2.35","2025-08-02 23:16:17"
"419","1","221","0.07","10","0.52","2.35","2025-08-02 23:16:47"
"420","1","221","0.06","9","0.52","2.35","2025-08-02 23:17:17"
"421","1","221","0.06","9","0.52","2.35","2025-08-02 23:17:47"
"422","1","221","0.06","10","0.52","2.35","2025-08-02 23:18:17"
"423","1","221","0.06","9","0.52","2.35","2025-08-02 23:18:47"
"424","1","221","0.06","9","0.52","2.36","2025-08-02 23:19:17"
"425","1","221","0.06","9","0.52","2.36","2025-08-02 23:19:47"
"426","1","221","0.06","9","0.52","2.36","2025-08-02 23:20:47"
"427","1","221","0.06","9","0.52","2.36","2025-08-02 23:21:17"
"428","1","221","0.06","10","0.52","2.36","2025-08-02 23:22:17"
"429","1","221","0.06","9","0.52","2.36","2025-08-02 23:22:47"
"430","1","221","0.06","9","0.52","2.36","2025-08-02 23:23:17"
"431","1","221","0.06","9","0.52","2.36","2025-08-02 23:23:47"
"432","1","221","0.06","9","0.52","2.36","2025-08-02 23:24:17"
"433","1","221","0.06","10","0.52","2.36","2025-08-02 23:25:47"
"434","1","221","0.06","9","0.52","2.36","2025-08-02 23:26:47"
"435","1","221","0.06","9","0.52","2.36","2025-08-02 23:27:17"
"436","1","221","0.06","9","0.52","2.36","2025-08-02 23:27:47"
"437","1","221","0.06","10","0.52","2.36","2025-08-02 23:28:17"
"438","1","221","0.06","10","0.52","2.36","2025-08-02 23:28:47"
"439","1","221","0.06","10","0.52","2.36","2025-08-02 23:29:17"
"440","1","221","0.06","9","0.52","2.36","2025-08-02 23:29:47"
"441","1","221","0.06","10","0.52","2.36","2025-08-02 23:30:47"
"442","1","221","0.06","9","0.52","2.36","2025-08-02 23:31:17"
"443","1","221","0.06","9","0.52","2.36","2025-08-02 23:31:47"
"444","1","221","0.06","10","0.52","2.36","2025-08-02 23:32:17"
"445","1","221","0.06","9","0.53","2.37","2025-08-02 23:32:47"
"446","1","221","0.06","9","0.53","2.37","2025-08-02 23:33:17"
"447","1","221","0.06","9","0.53","2.37","2025-08-02 23:33:47"
"448","1","221","0.06","9","0.53","2.37","2025-08-02 23:34:17"
"449","1","221","0.06","9","0.53","2.37","2025-08-02 23:34:47"
"450","1","221","0.06","9","0.53","2.37","2025-08-02 23:35:47"
"451","1","221","0.06","10","0.53","2.37","2025-08-02 23:36:17"
"452","1","221","0.06","9","0.53","2.37","2025-08-02 23:36:47"
"453","1","220","0.06","10","0.53","2.37","2025-08-02 23:37:17"
"454","1","220","0.06","9","0.53","2.37","2025-08-02 23:37:47"
"455","1","221","0.07","9","0.53","2.37","2025-08-02 23:38:17"
"456","1","221","0.06","9","0.53","2.37","2025-08-02 23:38:47"
"457","1","221","0.06","10","0.53","2.37","2025-08-02 23:39:17"
"458","1","221","0.06","10","0.53","2.37","2025-08-02 23:39:47"
"459","1","221","0.06","9","0.53","2.37","2025-08-02 23:40:47"
"460","1","221","0.06","9","0.53","2.37","2025-08-02 23:41:47"
"461","1","221","0.06","10","0.53","2.37","2025-08-02 23:42:17"
"462","1","221","0.06","10","0.53","2.37","2025-08-02 23:42:47"
"463","1","220","0.06","10","0.53","2.37","2025-08-02 23:43:17"
"464","1","220","0.06","9","0.53","2.37","2025-08-02 23:43:47"
"465","1","221","0.06","10","0.53","2.37","2025-08-02 23:44:17"
"466","1","221","0.06","9","0.53","2.38","2025-08-02 23:45:17"
"467","1","221","0.06","10","0.53","2.38","2025-08-02 23:45:47"
"468","1","221","0.06","10","0.53","2.38","2025-08-02 23:46:17"
"469","1","221","0.06","10","0.53","2.38","2025-08-02 23:46:47"
"470","1","221","0.06","9","0.53","2.38","2025-08-02 23:47:17"
"471","1","221","0.06","9","0.53","2.38","2025-08-02 23:47:47"
"472","1","221","0.06","10","0.53","2.38","2025-08-02 23:48:17"
"473","1","221","0.06","9","0.53","2.38","2025-08-02 23:48:47"
"474","1","221","0.06","10","0.53","2.38","2025-08-02 23:50:17"
"475","1","221","0.06","9","0.53","2.38","2025-08-02 23:50:47"
"476","1","221","0.06","9","0.53","2.38","2025-08-02 23:51:47"
"477","1","221","0.06","9","0.53","2.38","2025-08-02 23:52:17"
"478","1","221","0.06","10","0.53","2.38","2025-08-02 23:52:47"
"479","1","221","0.06","9","0.53","2.38","2025-08-02 23:53:17"
"480","1","221","0.06","10","0.53","2.38","2025-08-02 23:54:47"
"481","1","221","0.06","9","0.53","2.38","2025-08-02 23:55:17"
"482","1","221","0.06","10","0.53","2.38","2025-08-02 23:55:47"
"483","1","220","0.06","9","0.53","2.38","2025-08-02 23:56:17"
"484","1","221","0.06","10","0.53","2.38","2025-08-02 23:56:47"
"485","1","220","0.06","9","0.53","2.38","2025-08-02 23:57:17"
"486","1","220","0.06","9","0.53","2.38","2025-08-02 23:57:47"
"487","1","220","0.06","9","0.53","2.38","2025-08-02 23:58:17"
"488","1","220","0.06","9","0.53","2.38","2025-08-02 23:58:47"
"489","1","221","0.07","9","0.53","2.38","2025-08-03 00:00:17"
"490","1","221","0.06","10","0.53","2.38","2025-08-03 00:00:47"
"491","1","221","0.06","10","0.53","2.38","2025-08-03 00:01:17"
"492","1","221","0.06","9","0.53","2.38","2025-08-03 00:01:47"
"493","1","221","0.06","9","0.53","2.38","2025-08-03 00:02:17"
"494","1","221","0.06","10","0.53","2.38","2025-08-03 00:02:47"
"495","1","220","0.06","10","0.53","2.38","2025-08-03 00:03:17"
"496","1","221","0.06","9","0.53","2.38","2025-08-03 00:03:47"
"497","1","220","0.06","9","0.53","2.39","2025-08-03 00:04:47"
"498","1","221","0.06","10","0.53","2.39","2025-08-03 00:05:17"
"499","1","221","0.06","10","0.53","2.39","2025-08-03 00:05:47"
"500","1","221","0.06","9","0.53","2.39","2025-08-03 00:06:17"
"501","1","221","0.06","10","0.53","2.39","2025-08-03 00:06:47"
"502","1","221","0.06","10","0.53","2.39","2025-08-03 00:07:17"
"503","1","221","0.06","9","0.53","2.39","2025-08-03 00:07:47"
"504","1","221","0.06","9","0.53","2.39","2025-08-03 00:08:17"
"505","1","221","0.06","9","0.53","2.39","2025-08-03 00:08:47"
"506","1","221","0.06","10","0.53","2.39","2025-08-03 00:09:47"
"507","1","221","0.06","9","0.53","2.39","2025-08-03 00:10:17"
"508","1","221","0.06","9","0.53","2.39","2025-08-03 00:10:47"
"509","1","220","0.06","9","0.53","2.39","2025-08-03 00:11:17"
"510","1","221","0.06","10","0.53","2.39","2025-08-03 00:11:47"
"511","1","221","0.06","9","0.53","2.39","2025-08-03 00:12:17"
"512","1","220","0.06","9","0.53","2.39","2025-08-03 00:12:47"
"513","1","220","0.06","9","0.53","2.39","2025-08-03 00:13:17"
"514","1","220","0.06","10","0.53","2.39","2025-08-03 00:13:47"
"515","1","220","0.06","10","0.53","2.39","2025-08-03 00:15:17"
"516","1","220","0.06","9","0.53","2.39","2025-08-03 00:15:47"
"517","1","220","0.06","10","0.53","2.39","2025-08-03 00:16:47"
"518","1","221","0.06","9","0.53","2.4","2025-08-03 00:17:17"
"519","1","221","0.06","9","0.53","2.4","2025-08-03 00:18:17"
"520","1","220","0.06","9","0.53","2.4","2025-08-03 00:19:17"
"521","1","220","0.06","10","0.53","2.4","2025-08-03 00:19:47"
"522","1","221","0.06","10","0.53","2.4","2025-08-03 00:20:17"
"523","1","221","0.06","9","0.53","2.4","2025-08-03 00:20:47"
"524","1","220","0.06","10","0.53","2.4","2025-08-03 00:21:17"
"525","1","220","0.06","9","0.53","2.4","2025-08-03 00:21:47"
"526","1","221","0.06","9","0.53","2.4","2025-08-03 00:22:17"
"527","1","221","0.06","10","0.53","2.4","2025-08-03 00:22:47"
"528","1","220","0.06","9","0.53","2.4","2025-08-03 00:23:17"
"529","1","220","0.06","9","0.53","2.4","2025-08-03 00:23:47"
"530","1","220","0.06","10","0.53","2.4","2025-08-03 00:24:47"
"531","1","220","0.07","9","0.53","2.4","2025-08-03 00:25:17"
"532","1","220","0.06","10","0.53","2.4","2025-08-03 00:25:47"
"533","1","220","0.06","9","0.53","2.4","2025-08-03 00:26:17"
"534","1","220","0.07","10","0.53","2.4","2025-08-03 00:26:47"
"535","1","220","0.06","9","0.53","2.4","2025-08-03 00:27:17"
"536","1","220","0.06","9","0.53","2.4","2025-08-03 00:27:47"
"537","1","220","0.06","10","0.53","2.4","2025-08-03 00:28:17"
"538","1","220","0.06","10","0.53","2.4","2025-08-03 00:29:17"
"539","1","220","0.06","9","0.54","2.41","2025-08-03 00:29:47"
"540","1","220","0.06","10","0.54","2.41","2025-08-03 00:30:17"
"541","1","220","0.06","9","0.54","2.41","2025-08-03 00:30:47"
"542","1","220","0.06","9","0.54","2.41","2025-08-03 00:31:17"
"543","1","220","0.06","10","0.54","2.41","2025-08-03 00:31:47"
"544","1","220","0.06","10","0.54","2.41","2025-08-03 00:32:17"
"545","1","220","0.07","9","0.54","2.41","2025-08-03 00:32:47"
"546","1","220","0.06","9","0.54","2.41","2025-08-03 00:34:17"
"547","1","220","0.06","9","0.54","2.41","2025-08-03 00:35:17"
"548","1","220","0.06","9","0.54","2.41","2025-08-03 00:35:47"
"549","1","220","0.07","10","0.54","2.41","2025-08-03 00:36:17"
"550","1","220","0.06","9","0.54","2.41","2025-08-03 00:36:47"
"551","1","220","0.06","10","0.54","2.41","2025-08-03 00:38:17"
"552","1","220","0.06","10","0.54","2.41","2025-08-03 00:38:47"
"553","1","220","0.06","10","0.54","2.41","2025-08-03 00:39:47"
"554","1","220","0.06","9","0.54","2.41","2025-08-03 00:40:17"
"555","1","220","0.06","9","0.54","2.41","2025-08-03 00:40:47"
"556","1","220","0.07","10","0.54","2.41","2025-08-03 00:41:17"
"557","1","220","0.06","9","0.54","2.41","2025-08-03 00:41:47"
"558","1","220","0.07","9","0.54","2.42","2025-08-03 00:42:17"
"559","1","220","0.06","9","0.54","2.42","2025-08-03 00:42:47"
"560","1","220","0.06","9","0.54","2.42","2025-08-03 00:43:17"
"561","1","220","0.06","10","0.54","2.42","2025-08-03 00:43:47"
"562","1","220","0.06","9","0.54","2.42","2025-08-03 00:44:17"
"563","1","220","0.06","10","0.54","2.42","2025-08-03 00:44:47"
"564","1","220","0.06","10","0.54","2.42","2025-08-03 00:45:47"
"565","1","220","0.06","9","0.54","2.42","2025-08-03 00:46:17"
"566","1","220","0.06","9","0.54","2.42","2025-08-03 00:46:47"
"567","1","220","0.06","9","0.54","2.42","2025-08-03 00:47:47"
"568","1","220","0.06","9","0.54","2.42","2025-08-03 00:48:17"
"569","1","220","0.06","9","0.54","2.42","2025-08-03 00:50:17"
"570","1","220","0.06","9","0.54","2.42","2025-08-03 00:50:47"
"571","1","220","0.06","9","0.54","2.42","2025-08-03 00:51:47"
"572","1","220","0.06","9","0.54","2.42","2025-08-03 00:52:17"
"573","1","220","0.06","10","0.54","2.42","2025-08-03 00:52:47"
"574","1","220","0.06","9","0.54","2.42","2025-08-03 00:53:17"
"575","1","220","0.06","9","0.54","2.42","2025-08-03 00:53:47"
"576","1","220","0.06","9","0.54","2.42","2025-08-03 00:55:17"
"577","1","220","0.06","9","0.54","2.43","2025-08-03 00:55:47"
"578","1","220","0.06","9","0.54","2.43","2025-08-03 00:56:17"
"579","1","220","0.06","9","0.54","2.43","2025-08-03 00:56:47"
"580","1","220","0.06","9","0.54","2.43","2025-08-03 00:57:17"
"581","1","220","0.06","9","0.54","2.43","2025-08-03 00:57:47"
"582","1","220","0.06","9","0.54","2.43","2025-08-03 00:58:17"
"583","1","220","0.06","9","0.54","2.43","2025-08-03 00:58:47"
"584","1","220","0.06","9","0.54","2.43","2025-08-03 00:59:17"
"585","1","220","0.06","10","0.54","2.43","2025-08-03 01:00:17"
"586","1","220","0.06","9","0.54","2.43","2025-08-03 01:00:47"
"587","1","220","0.06","9","0.54","2.43","2025-08-03 01:01:17"
"588","1","220","0.07","9","0.54","2.43","2025-08-03 01:02:17"
"589","1","220","0.06","9","0.54","2.43","2025-08-03 01:04:47"
"590","1","220","0.06","9","0.54","2.43","2025-08-03 01:05:17"
"591","1","220","0","0","0.54","2.43","2025-08-03 01:05:47"
"592","1","220","0","0","0.54","2.43","2025-08-03 01:06:17"
"593","1","220","0","0","0.54","2.43","2025-08-03 01:06:47"
"594","1","221","0","0","0.54","2.43","2025-08-03 01:07:47"
"595","1","220","0","0","0.54","2.43","2025-08-03 01:08:47"
"596","1","220","0","0","0.54","2.43","2025-08-03 01:09:17"
"597","1","220","0","0","0.54","2.43","2025-08-03 01:09:47"
